date,hydroelectric energy
2016-01-01,0
2016-01-02,9
2016-01-03,28
2016-01-04,8
2016-01-05,32
2016-01-06,41
2016-01-07,24
2016-01-08,16
2016-01-09,0
2016-01-10,18
2016-01-11,54
2016-01-12,39
2016-01-13,48
2016-01-14,70
2016-01-15,33
2016-01-16,0
2016-01-17,35
2016-01-18,16
2016-01-19,8
2016-01-20,31
2016-01-21,24
2016-01-22,50
2016-01-23,9
2016-01-24,0
2016-01-25,39
2016-01-26,40
2016-01-27,40
2016-01-28,16
2016-01-29,57
2016-01-30,18
2016-01-31,18
2016-02-01,24
2016-02-02,63
2016-02-03,47
2016-02-04,32
2016-02-05,8
2016-02-06,46
2016-02-07,18
2016-02-08,64
2016-02-09,56
2016-02-10,55
2016-02-11,48
2016-02-12,33
2016-02-13,0
2016-02-14,0
2016-02-15,24
2016-02-16,31
2016-02-17,71
2016-02-18,31
2016-02-19,32
2016-02-20,0
2016-02-21,9
2016-02-22,77
2016-02-23,100
2016-02-24,54
2016-02-25,24
2016-02-26,24
2016-02-27,0
2016-02-28,44
2016-02-29,38
2016-03-01,15
2016-03-02,46
2016-03-03,62
2016-03-04,32
2016-03-05,9
2016-03-06,9
2016-03-07,8
2016-03-08,61
2016-03-09,39
2016-03-10,31
2016-03-11,73
2016-03-12,9
2016-03-13,26
2016-03-14,70
2016-03-15,54
2016-03-16,62
2016-03-17,32
2016-03-18,8
2016-03-19,0
2016-03-20,9
2016-03-21,32
2016-03-22,39
2016-03-23,16
2016-03-24,33
2016-03-25,9
2016-03-26,0
2016-03-27,0
2016-03-28,40
2016-03-29,47
2016-03-30,31
2016-03-31,24
2016-04-01,0
2016-04-02,18
2016-04-03,9
2016-04-04,23
2016-04-05,39
2016-04-06,78
2016-04-07,8
2016-04-08,41
2016-04-09,9
2016-04-10,18
2016-04-11,46
2016-04-12,31
2016-04-13,23
2016-04-14,47
2016-04-15,41
2016-04-16,9
2016-04-17,35
2016-04-18,31
2016-04-19,23
2016-04-20,39
2016-04-21,80
2016-04-22,33
2016-04-23,27
2016-04-24,0
2016-04-25,54
2016-04-26,38
2016-04-27,70
2016-04-28,24
2016-04-29,66
2016-04-30,46
2016-05-01,18
2016-05-02,63
2016-05-03,62
2016-05-04,16
2016-05-05,65
2016-05-06,42
2016-05-07,9
2016-05-08,46
2016-05-09,40
2016-05-10,62
2016-05-11,47
2016-05-12,79
2016-05-13,41
2016-05-14,27
2016-05-15,18
2016-05-16,63
2016-05-17,47
2016-05-18,70
2016-05-19,31
2016-05-20,33
2016-05-21,0
2016-05-22,9
2016-05-23,31
2016-05-24,24
2016-05-25,24
2016-05-26,41
2016-05-27,8
2016-05-28,19
2016-05-29,9
2016-05-30,25
2016-05-31,8
2016-06-01,23
2016-06-02,49
2016-06-03,8
2016-06-04,19
2016-06-05,46
2016-06-06,24
2016-06-07,39
2016-06-08,16
2016-06-09,16
2016-06-10,17
2016-06-11,9
2016-06-12,27
2016-06-13,16
2016-06-14,16
2016-06-15,16
2016-06-16,0
2016-06-17,17
2016-06-18,19
2016-06-19,28
2016-06-20,24
2016-06-21,0
2016-06-22,8
2016-06-23,25
2016-06-24,8
2016-06-25,0
2016-06-26,0
2016-06-27,8
2016-06-28,16
2016-06-29,0
2016-06-30,57
2016-07-01,17
2016-07-02,19
2016-07-03,19
2016-07-04,0
2016-07-05,0
2016-07-06,0
2016-07-07,0
2016-07-08,0
2016-07-09,10
2016-07-10,10
2016-07-11,8
2016-07-12,0
2016-07-13,8
2016-07-14,16
2016-07-15,9
2016-07-16,10
2016-07-17,20
2016-07-18,8
2016-07-19,8
2016-07-20,8
2016-07-21,17
2016-07-22,18
2016-07-23,10
2016-07-24,20
2016-07-25,8
2016-07-26,25
2016-07-27,8
2016-07-28,17
2016-07-29,0
2016-07-30,0
2016-07-31,10
2016-08-01,8
2016-08-02,0
2016-08-03,0
2016-08-04,0
2016-08-05,18
2016-08-06,0
2016-08-07,10
2016-08-08,0
2016-08-09,26
2016-08-10,9
2016-08-11,27
2016-08-12,9
2016-08-13,20
2016-08-14,0
2016-08-15,9
2016-08-16,18
2016-08-17,0
2016-08-18,0
2016-08-19,9
2016-08-20,10
2016-08-21,0
2016-08-22,0
2016-08-23,18
2016-08-24,34
2016-08-25,8
2016-08-26,9
2016-08-27,10
2016-08-28,10
2016-08-29,16
2016-08-30,16
2016-08-31,33
2016-09-01,35
2016-09-02,18
2016-09-03,10
2016-09-04,10
2016-09-05,9
2016-09-06,68
2016-09-07,17
2016-09-08,17
2016-09-09,0
2016-09-10,40
2016-09-11,10
2016-09-12,26
2016-09-13,52
2016-09-14,43
2016-09-15,9
2016-09-16,54
2016-09-17,0
2016-09-18,29
2016-09-19,34
2016-09-20,25
2016-09-21,0
2016-09-22,69
2016-09-23,45
2016-09-24,0
2016-09-25,39
2016-09-26,50
2016-09-27,25
2016-09-28,0
2016-09-29,59
2016-09-30,18
2016-10-01,10
2016-10-02,0
2016-10-03,42
2016-10-04,25
2016-10-05,58
2016-10-06,25
2016-10-07,9
2016-10-08,0
2016-10-09,19
2016-10-10,34
2016-10-11,59
2016-10-12,9
2016-10-13,76
2016-10-14,26
2016-10-15,10
2016-10-16,10
2016-10-17,8
2016-10-18,33
2016-10-19,59
2016-10-20,25
2016-10-21,53
2016-10-22,10
2016-10-23,29
2016-10-24,17
2016-10-25,25
2016-10-26,33
2016-10-27,17
2016-10-28,35
2016-10-29,0
2016-10-30,39
2016-10-31,43
2016-11-01,17
2016-11-02,42
2016-11-03,41
2016-11-04,52
2016-11-05,19
2016-11-06,19
2016-11-07,25
2016-11-08,41
2016-11-09,61
2016-11-10,51
2016-11-11,35
2016-11-12,10
2016-11-13,0
2016-11-14,33
2016-11-15,42
2016-11-16,41
2016-11-17,42
2016-11-18,26
2016-11-19,9
2016-11-20,9
2016-11-21,24
2016-11-22,41
2016-11-23,25
2016-11-24,35
2016-11-25,9
2016-11-26,9
2016-11-27,27
2016-11-28,47
2016-11-29,55
2016-11-30,72
2016-12-01,48
2016-12-02,25
2016-12-03,9
2016-12-04,26
2016-12-05,29
2016-12-06,54
2016-12-07,40
2016-12-08,73
2016-12-09,25
2016-12-10,28
2016-12-11,18
2016-12-12,31
2016-12-13,78
2016-12-14,72
2016-12-15,57
2016-12-16,34
2016-12-17,9
2016-12-18,10
2016-12-19,33
2016-12-20,25
2016-12-21,9
2016-12-22,9
2016-12-23,36
2016-12-24,0
2016-12-25,0
2016-12-26,0
2016-12-27,9
2016-12-28,0
2016-12-29,9
2016-12-30,0
2016-12-31,0
2017-01-01,30
2017-01-02,0
2017-01-03,8
2017-01-04,24
2017-01-05,41
2017-01-06,34
2017-01-07,9
2017-01-08,9
2017-01-09,79
2017-01-10,54
2017-01-11,63
2017-01-12,39
2017-01-13,32
2017-01-14,9
2017-01-15,9
2017-01-16,39
2017-01-17,39
2017-01-18,31
2017-01-19,32
2017-01-20,65
2017-01-21,9
2017-01-22,26
2017-01-23,46
2017-01-24,23
2017-01-25,31
2017-01-26,38
2017-01-27,32
2017-01-28,0
2017-01-29,9
2017-01-30,30
2017-01-31,16
2017-02-01,61
2017-02-02,70
2017-02-03,40
2017-02-04,0
2017-02-05,35
2017-02-06,38
2017-02-07,46
2017-02-08,53
2017-02-09,62
2017-02-10,24
2017-02-11,18
2017-02-12,35
2017-02-13,30
2017-02-14,38
2017-02-15,24
2017-02-16,38
2017-02-17,38
2017-02-18,9
2017-02-19,9
2017-02-20,46
2017-02-21,38
2017-02-22,23
2017-02-23,77
2017-02-24,32
2017-02-25,18
2017-02-26,26
2017-02-27,97
2017-02-28,45
2017-03-01,73
2017-03-02,22
2017-03-03,70
2017-03-04,17
2017-03-05,34
2017-03-06,80
2017-03-07,72
2017-03-08,60
2017-03-09,53
2017-03-10,39
2017-03-11,0
2017-03-12,25
2017-03-13,57
2017-03-14,61
2017-03-15,53
2017-03-16,61
2017-03-17,32
2017-03-18,18
2017-03-19,34
2017-03-20,38
2017-03-21,23
2017-03-22,23
2017-03-23,46
2017-03-24,40
2017-03-25,0
2017-03-26,18
2017-03-27,38
2017-03-28,38
2017-03-29,62
2017-03-30,70
2017-03-31,8
2017-04-01,18
2017-04-02,27
2017-04-03,15
2017-04-04,46
2017-04-05,60
2017-04-06,54
2017-04-07,56
2017-04-08,9
2017-04-09,0
2017-04-10,100
2017-04-11,62
2017-04-12,24
2017-04-13,74
2017-04-14,9
2017-04-15,9
2017-04-16,18
2017-04-17,32
2017-04-18,53
2017-04-19,23
2017-04-20,61
2017-04-21,56
2017-04-22,9
2017-04-23,43
2017-04-24,91
2017-04-25,69
2017-04-26,30
2017-04-27,84
2017-04-28,47
2017-04-29,9
2017-04-30,9
2017-05-01,62
2017-05-02,65
2017-05-03,58
2017-05-04,36
2017-05-05,45
2017-05-06,0
2017-05-07,17
2017-05-08,7
2017-05-09,65
2017-05-10,65
2017-05-11,45
2017-05-12,38
2017-05-13,0
2017-05-14,17
2017-05-15,38
2017-05-16,54
2017-05-17,24
2017-05-18,15
2017-05-19,32
2017-05-20,28
2017-05-21,9
2017-05-22,39
2017-05-23,98
2017-05-24,62
2017-05-25,24
2017-05-26,8
2017-05-27,0
2017-05-28,0
2017-05-29,0
2017-05-30,0
2017-05-31,31
2017-06-01,16
2017-06-02,49
2017-06-03,9
2017-06-04,27
2017-06-05,16
2017-06-06,45
2017-06-07,38
2017-06-08,45
2017-06-09,32
2017-06-10,0
2017-06-11,9
2017-06-12,53
2017-06-13,44
2017-06-14,23
2017-06-15,24
2017-06-16,16
2017-06-17,9
2017-06-18,9
2017-06-19,15
2017-06-20,15
2017-06-21,0
2017-06-22,7
2017-06-23,8
2017-06-24,0
2017-06-25,27
2017-06-26,16
2017-06-27,8
2017-06-28,8
2017-06-29,8
2017-06-30,16
2017-07-01,0
2017-07-02,0
2017-07-03,8
2017-07-04,8
2017-07-05,0
2017-07-06,40
2017-07-07,8
2017-07-08,0
2017-07-09,18
2017-07-10,8
2017-07-11,0
2017-07-12,16
2017-07-13,0
2017-07-14,0
2017-07-15,0
2017-07-16,0
2017-07-17,8
2017-07-18,0
2017-07-19,0
2017-07-20,16
2017-07-21,8
2017-07-22,0
2017-07-23,18
2017-07-24,8
2017-07-25,8
2017-07-26,15
2017-07-27,23
2017-07-28,0
2017-07-29,27
2017-07-30,0
2017-07-31,23
2017-08-01,0
2017-08-02,15
2017-08-03,30
2017-08-04,0
2017-08-05,9
2017-08-06,9
2017-08-07,22
2017-08-08,7
2017-08-09,8
2017-08-10,15
2017-08-11,16
2017-08-12,0
2017-08-13,0
2017-08-14,8
2017-08-15,8
2017-08-16,0
2017-08-17,15
2017-08-18,0
2017-08-19,17
2017-08-20,26
2017-08-21,22
2017-08-22,15
2017-08-23,30
2017-08-24,15
2017-08-25,0
2017-08-26,18
2017-08-27,34
2017-08-28,15
2017-08-29,15
2017-08-30,22
2017-08-31,15
2017-09-01,0
2017-09-02,9
2017-09-03,9
2017-09-04,0
2017-09-05,44
2017-09-06,44
2017-09-07,23
2017-09-08,23
2017-09-09,8
2017-09-10,17
2017-09-11,29
2017-09-12,15
2017-09-13,22
2017-09-14,15
2017-09-15,8
2017-09-16,26
2017-09-17,34
2017-09-18,37
2017-09-19,14
2017-09-20,30
2017-09-21,60
2017-09-22,39
2017-09-23,0
2017-09-24,8
2017-09-25,7
2017-09-26,22
2017-09-27,22
2017-09-28,45
2017-09-29,8
2017-09-30,17
2017-10-01,17
2017-10-02,15
2017-10-03,30
2017-10-04,22
2017-10-05,45
2017-10-06,15
2017-10-07,25
2017-10-08,8
2017-10-09,44
2017-10-10,29
2017-10-11,29
2017-10-12,52
2017-10-13,23
2017-10-14,26
2017-10-15,25
2017-10-16,51
2017-10-17,29
2017-10-18,51
2017-10-19,30
2017-10-20,15
2017-10-21,17
2017-10-22,8
2017-10-23,29
2017-10-24,29
2017-10-25,58
2017-10-26,36
2017-10-27,0
2017-10-28,8
2017-10-29,24
2017-10-30,58
2017-10-31,15
2017-11-01,37
2017-11-02,59
2017-11-03,30
2017-11-04,8
2017-11-05,16
2017-11-06,56
2017-11-07,42
2017-11-08,100
2017-11-09,36
2017-11-10,15
2017-11-11,16
2017-11-12,16
2017-11-13,35
2017-11-14,42
2017-11-15,71
2017-11-16,58
2017-11-17,29
2017-11-18,0
2017-11-19,16
2017-11-20,14
2017-11-21,43
2017-11-22,21
2017-11-23,7
2017-11-24,15
2017-11-25,33
2017-11-26,16
2017-11-27,28
2017-11-28,63
2017-11-29,42
2017-11-30,65
2017-12-01,67
2017-12-02,32
2017-12-03,24
2017-12-04,21
2017-12-05,49
2017-12-06,50
2017-12-07,65
2017-12-08,30
2017-12-09,17
2017-12-10,8
2017-12-11,78
2017-12-12,84
2017-12-13,78
2017-12-14,58
2017-12-15,68
2017-12-16,8
2017-12-17,49
2017-12-18,29
2017-12-19,59
2017-12-20,45
2017-12-21,0
2017-12-22,8
2017-12-23,0
2017-12-24,0
2017-12-25,0
2017-12-26,8
2017-12-27,8
2017-12-28,0
2017-12-29,0
2017-12-30,0
2017-12-31,18
2018-01-01,9
2018-01-02,14
2018-01-03,28
2018-01-04,28
2018-01-05,50
2018-01-06,8
2018-01-07,16
2018-01-08,20
2018-01-09,7
2018-01-10,34
2018-01-11,69
2018-01-12,57
2018-01-13,8
2018-01-14,23
2018-01-15,41
2018-01-16,47
2018-01-17,27
2018-01-18,40
2018-01-19,21
2018-01-20,15
2018-01-21,15
2018-01-22,47
2018-01-23,33
2018-01-24,33
2018-01-25,27
2018-01-26,28
2018-01-27,8
2018-01-28,8
2018-01-29,13
2018-01-30,33
2018-01-31,33
2018-02-01,27
2018-02-02,42
2018-02-03,8
2018-02-04,8
2018-02-05,47
2018-02-06,33
2018-02-07,34
2018-02-08,27
2018-02-09,35
2018-02-10,0
2018-02-11,31
2018-02-12,48
2018-02-13,54
2018-02-14,27
2018-02-15,27
2018-02-16,21
2018-02-17,15
2018-02-18,0
2018-02-19,13
2018-02-20,33
2018-02-21,27
2018-02-22,40
2018-02-23,35
2018-02-24,8
2018-02-25,23
2018-02-26,46
2018-02-27,59
2018-02-28,46
2018-03-01,33
2018-03-02,48
2018-03-03,23
2018-03-04,15
2018-03-05,58
2018-03-06,33
2018-03-07,66
2018-03-08,73
2018-03-09,28
2018-03-10,15
2018-03-11,60
2018-03-12,46
2018-03-13,26
2018-03-14,59
2018-03-15,34
2018-03-16,41
2018-03-17,15
2018-03-18,15
2018-03-19,39
2018-03-20,20
2018-03-21,40
2018-03-22,41
2018-03-23,28
2018-03-24,8
2018-03-25,16
2018-03-26,47
2018-03-27,34
2018-03-28,35
2018-03-29,50
2018-03-30,15
2018-03-31,8
2018-04-01,8
2018-04-02,36
2018-04-03,20
2018-04-04,14
2018-04-05,47
2018-04-06,29
2018-04-07,8
2018-04-08,16
2018-04-09,27
2018-04-10,40
2018-04-11,86
2018-04-12,27
2018-04-13,28
2018-04-14,8
2018-04-15,8
2018-04-16,46
2018-04-17,20
2018-04-18,67
2018-04-19,48
2018-04-20,28
2018-04-21,32
2018-04-22,8
2018-04-23,46
2018-04-24,39
2018-04-25,72
2018-04-26,74
2018-04-27,28
2018-04-28,16
2018-04-29,16
2018-04-30,75
2018-05-01,63
2018-05-02,67
2018-05-03,67
2018-05-04,49
2018-05-05,16
2018-05-06,8
2018-05-07,74
2018-05-08,27
2018-05-09,100
2018-05-10,35
2018-05-11,56
2018-05-12,0
2018-05-13,0
2018-05-14,54
2018-05-15,59
2018-05-16,73
2018-05-17,48
2018-05-18,21
2018-05-19,8
2018-05-20,16
2018-05-21,47
2018-05-22,60
2018-05-23,41
2018-05-24,68
2018-05-25,14
2018-05-26,16
2018-05-27,8
2018-05-28,27
2018-05-29,33
2018-05-30,34
2018-05-31,28
2018-06-01,21
2018-06-02,8
2018-06-03,24
2018-06-04,41
2018-06-05,26
2018-06-06,20
2018-06-07,27
2018-06-08,14
2018-06-09,0
2018-06-10,16
2018-06-11,6
2018-06-12,19
2018-06-13,31
2018-06-14,7
2018-06-15,14
2018-06-16,16
2018-06-17,23
2018-06-18,13
2018-06-19,13
2018-06-20,27
2018-06-21,27
2018-06-22,7
2018-06-23,0
2018-06-24,0
2018-06-25,13
2018-06-26,13
2018-06-27,13
2018-06-28,20
2018-06-29,0
2018-06-30,0
2018-07-01,8
2018-07-02,20
2018-07-03,7
2018-07-04,14
2018-07-05,7
2018-07-06,7
2018-07-07,0
2018-07-08,0
2018-07-09,20
2018-07-10,6
2018-07-11,6
2018-07-12,21
2018-07-13,14
2018-07-14,0
2018-07-15,8
2018-07-16,14
2018-07-17,20
2018-07-18,7
2018-07-19,14
2018-07-20,7
2018-07-21,0
2018-07-22,8
2018-07-23,27
2018-07-24,20
2018-07-25,14
2018-07-26,7
2018-07-27,0
2018-07-28,0
2018-07-29,8
2018-07-30,0
2018-07-31,0
2018-08-01,20
2018-08-02,33
2018-08-03,28
2018-08-04,0
2018-08-05,0
2018-08-06,14
2018-08-07,13
2018-08-08,13
2018-08-09,7
2018-08-10,0
2018-08-11,15
2018-08-12,0
2018-08-13,41
2018-08-14,7
2018-08-15,21
2018-08-16,14
2018-08-17,14
2018-08-18,8
2018-08-19,0
2018-08-20,14
2018-08-21,7
2018-08-22,7
2018-08-23,27
2018-08-24,0
2018-08-25,16
2018-08-26,8
2018-08-27,27
2018-08-28,7
2018-08-29,26
2018-08-30,13
2018-08-31,14
2018-09-01,17
2018-09-02,9
2018-09-03,0
2018-09-04,30
2018-09-05,15
2018-09-06,15
2018-09-07,16
2018-09-08,52
2018-09-09,0
2018-09-10,15
2018-09-11,15
2018-09-12,30
2018-09-13,46
2018-09-14,39
2018-09-15,17
2018-09-16,9
2018-09-17,38
2018-09-18,0
2018-09-19,30
2018-09-20,68
2018-09-21,23
2018-09-22,17
2018-09-23,25
2018-09-24,45
2018-09-25,59
2018-09-26,52
2018-09-27,22
2018-09-28,47
2018-09-29,9
2018-09-30,26
2018-10-01,30
2018-10-02,30
2018-10-03,38
2018-10-04,45
2018-10-05,39
2018-10-06,9
2018-10-07,17
2018-10-08,38
2018-10-09,15
2018-10-10,68
2018-10-11,39
2018-10-12,16
2018-10-13,18
2018-10-14,18
2018-10-15,31
2018-10-16,60
2018-10-17,31
2018-10-18,24
2018-10-19,24
2018-10-20,18
2018-10-21,17
2018-10-22,38
2018-10-23,37
2018-10-24,45
2018-10-25,54
2018-10-26,40
2018-10-27,0
2018-10-28,34
2018-10-29,29
2018-10-30,53
2018-10-31,54
2018-11-01,56
2018-11-02,24
2018-11-03,26
2018-11-04,34
2018-11-05,29
2018-11-06,38
2018-11-07,44
2018-11-08,30
2018-11-09,56
2018-11-10,9
2018-11-11,34
2018-11-12,52
2018-11-13,82
2018-11-14,38
2018-11-15,62
2018-11-16,47
2018-11-17,9
2018-11-18,43
2018-11-19,38
2018-11-20,30
2018-11-21,15
2018-11-22,23
2018-11-23,0
2018-11-24,0
2018-11-25,43
2018-11-26,81
2018-11-27,66
2018-11-28,45
2018-11-29,68
2018-11-30,61
2018-12-01,9
2018-12-02,43
2018-12-03,75
2018-12-04,37
2018-12-05,22
2018-12-06,38
2018-12-07,47
2018-12-08,9
2018-12-09,9
2018-12-10,61
2018-12-11,53
2018-12-12,39
2018-12-13,31
2018-12-14,62
2018-12-15,9
2018-12-16,9
2018-12-17,64
2018-12-18,44
2018-12-19,72
2018-12-20,49
2018-12-21,59
2018-12-22,0
2018-12-23,9
2018-12-24,0
2018-12-25,20
2018-12-26,9
2018-12-27,16
2018-12-28,0
2018-12-29,0
2018-12-30,0
2018-12-31,0
2019-01-01,9
2019-01-02,24
2019-01-03,31
2019-01-04,47
2019-01-05,0
2019-01-06,9
2019-01-07,53
2019-01-08,30
2019-01-09,45
2019-01-10,46
2019-01-11,54
2019-01-12,0
2019-01-13,25
2019-01-14,52
2019-01-15,30
2019-01-16,45
2019-01-17,89
2019-01-18,31
2019-01-19,26
2019-01-20,16
2019-01-21,52
2019-01-22,30
2019-01-23,59
2019-01-24,96
2019-01-25,53
2019-01-26,25
2019-01-27,25
2019-01-28,52
2019-01-29,52
2019-01-30,36
2019-01-31,60
2019-02-01,100
2019-02-02,0
2019-02-03,0
2019-02-04,30
2019-02-05,67
2019-02-06,44
2019-02-07,59
2019-02-08,23
2019-02-09,17
2019-02-10,0
2019-02-11,78
2019-02-12,50
2019-02-13,73
2019-02-14,30
2019-02-15,23
2019-02-16,0
2019-02-17,0
2019-02-18,30
2019-02-19,80
2019-02-20,44
2019-02-21,51
2019-02-22,23
2019-02-23,8
2019-02-24,8
2019-02-25,58
2019-02-26,66
2019-02-27,36
2019-02-28,45
2019-03-01,39
2019-03-02,17
2019-03-03,42
2019-03-04,60
2019-03-05,75
2019-03-06,51
2019-03-07,45
2019-03-08,31
2019-03-09,9
2019-03-10,33
2019-03-11,22
2019-03-12,52
2019-03-13,66
2019-03-14,60
2019-03-15,38
2019-03-16,0
2019-03-17,8
2019-03-18,68
2019-03-19,86
2019-03-20,38
2019-03-21,31
2019-03-22,32
2019-03-23,8
2019-03-24,23
2019-03-25,45
2019-03-26,53
2019-03-27,30
2019-03-28,23
2019-03-29,56
2019-03-30,9
2019-03-31,26
2019-04-01,52
2019-04-02,45
2019-04-03,75
2019-04-04,45
2019-04-05,46
2019-04-06,17
2019-04-07,9
2019-04-08,45
2019-04-09,44
2019-04-10,44
2019-04-11,61
2019-04-12,31
2019-04-13,0
2019-04-14,17
2019-04-15,76
2019-04-16,38
2019-04-17,54
2019-04-18,16
2019-04-19,26
2019-04-20,9
2019-04-21,18
2019-04-22,32
2019-04-23,53
2019-04-24,53
2019-04-25,23
2019-04-26,31
2019-04-27,0
2019-04-28,43
2019-04-29,74
2019-04-30,91
2019-05-01,51
2019-05-02,63
2019-05-03,88
2019-05-04,0
2019-05-05,9
2019-05-06,46
2019-05-07,78
2019-05-08,94
2019-05-09,78
2019-05-10,82
2019-05-11,18
2019-05-12,9
2019-05-13,39
2019-05-14,86
2019-05-15,31
2019-05-16,47
2019-05-17,25
2019-05-18,18
2019-05-19,0
2019-05-20,55
2019-05-21,84
2019-05-22,100
2019-05-23,76
2019-05-24,65
2019-05-25,9
2019-05-26,27
2019-05-27,24
2019-05-28,54
2019-05-29,15
2019-05-30,24
2019-05-31,32
2019-06-01,18
2019-06-02,18
2019-06-03,15
2019-06-04,23
2019-06-05,39
2019-06-06,31
2019-06-07,24
2019-06-08,0
2019-06-09,0
2019-06-10,15
2019-06-11,30
2019-06-12,38
2019-06-13,46
2019-06-14,8
2019-06-15,9
2019-06-16,9
2019-06-17,23
2019-06-18,46
2019-06-19,8
2019-06-20,8
2019-06-21,25
2019-06-22,27
2019-06-23,27
2019-06-24,16
2019-06-25,8
2019-06-26,38
2019-06-27,15
2019-06-28,24
2019-06-29,9
2019-06-30,9
2019-07-01,23
2019-07-02,15
2019-07-03,15
2019-07-04,16
2019-07-05,25
2019-07-06,9
2019-07-07,0
2019-07-08,31
2019-07-09,23
2019-07-10,39
2019-07-11,8
2019-07-12,0
2019-07-13,9
2019-07-14,18
2019-07-15,23
2019-07-16,8
2019-07-17,24
2019-07-18,24
2019-07-19,8
2019-07-20,9
2019-07-21,18
2019-07-22,8
2019-07-23,24
2019-07-24,8
2019-07-25,8
2019-07-26,17
2019-07-27,27
2019-07-28,0
2019-07-29,40
2019-07-30,16
2019-07-31,0
2019-08-01,8
2019-08-02,25
2019-08-03,0
2019-08-04,9
2019-08-05,8
2019-08-06,8
2019-08-07,40
2019-08-08,0
2019-08-09,8
2019-08-10,0
2019-08-11,27
2019-08-12,8
2019-08-13,8
2019-08-14,45
2019-08-15,41
2019-08-16,8
2019-08-17,9
2019-08-18,18
2019-08-19,23
2019-08-20,0
2019-08-21,31
2019-08-22,23
2019-08-23,32
2019-08-24,9
2019-08-25,0
2019-08-26,15
2019-08-27,23
2019-08-28,53
2019-08-29,38
2019-08-30,31
2019-08-31,9
2019-09-01,9
2019-09-02,31
2019-09-03,30
2019-09-04,8
2019-09-05,37
2019-09-06,23
2019-09-07,0
2019-09-08,0
2019-09-09,30
2019-09-10,44
2019-09-11,37
2019-09-12,22
2019-09-13,23
2019-09-14,0
2019-09-15,34
2019-09-16,66
2019-09-17,44
2019-09-18,15
2019-09-19,30
2019-09-20,47
2019-09-21,9
2019-09-22,33
2019-09-23,37
2019-09-24,29
2019-09-25,44
2019-09-26,45
2019-09-27,31
2019-09-28,17
2019-09-29,8
2019-09-30,37
2019-10-01,44
2019-10-02,36
2019-10-03,30
2019-10-04,61
2019-10-05,25
2019-10-06,17
2019-10-07,59
2019-10-08,30
2019-10-09,45
2019-10-10,30
2019-10-11,30
2019-10-12,25
2019-10-13,42
2019-10-14,74
2019-10-15,73
2019-10-16,36
2019-10-17,45
2019-10-18,54
2019-10-19,17
2019-10-20,16
2019-10-21,36
2019-10-22,71
2019-10-23,43
2019-10-24,22
2019-10-25,8
2019-10-26,17
2019-10-27,8
2019-10-28,43
2019-10-29,37
2019-10-30,58
2019-10-31,23
2019-11-01,31
2019-11-02,17
2019-11-03,40
2019-11-04,73
2019-11-05,65
2019-11-06,73
2019-11-07,43
2019-11-08,60
2019-11-09,8
2019-11-10,16
2019-11-11,29
2019-11-12,51
2019-11-13,29
2019-11-14,65
2019-11-15,30
2019-11-16,8
2019-11-17,50
2019-11-18,80
2019-11-19,66
2019-11-20,66
2019-11-21,45
2019-11-22,38
2019-11-23,50
2019-11-24,24
2019-11-25,36
2019-11-26,44
2019-11-27,36
2019-11-28,15
2019-11-29,37
2019-11-30,8
2019-12-01,8
2019-12-02,57
2019-12-03,58
2019-12-04,81
2019-12-05,81
2019-12-06,69
2019-12-07,0
2019-12-08,34
2019-12-09,37
2019-12-10,74
2019-12-11,80
2019-12-12,66
2019-12-13,45
2019-12-14,0
2019-12-15,41
2019-12-16,59
2019-12-17,52
2019-12-18,29
2019-12-19,30
2019-12-20,16
2019-12-21,0
2019-12-22,9
2019-12-23,8
2019-12-24,26
2019-12-25,18
2019-12-26,8
2019-12-27,24
2019-12-28,8
2019-12-29,17
2019-12-30,0
2019-12-31,8
2020-01-01,16
2020-01-02,21
2020-01-03,40
2020-01-04,7
2020-01-05,7
2020-01-06,52
2020-01-07,46
2020-01-08,51
2020-01-09,39
2020-01-10,20
2020-01-11,7
2020-01-12,14
2020-01-13,59
2020-01-14,28
2020-01-15,50
2020-01-16,26
2020-01-17,33
2020-01-18,14
2020-01-19,21
2020-01-20,6
2020-01-21,63
2020-01-22,44
2020-01-23,63
2020-01-24,40
2020-01-25,0
2020-01-26,35
2020-01-27,31
2020-01-28,51
2020-01-29,32
2020-01-30,45
2020-01-31,26
2020-02-01,0
2020-02-02,7
2020-02-03,23
2020-02-04,50
2020-02-05,50
2020-02-06,32
2020-02-07,26
2020-02-08,7
2020-02-09,21
2020-02-10,31
2020-02-11,48
2020-02-12,44
2020-02-13,44
2020-02-14,46
2020-02-15,0
2020-02-16,14
2020-02-17,37
2020-02-18,43
2020-02-19,24
2020-02-20,25
2020-02-21,26
2020-02-22,14
2020-02-23,21
2020-02-24,37
2020-02-25,56
2020-02-26,30
2020-02-27,78
2020-02-28,43
2020-02-29,7
2020-03-01,34
2020-03-02,72
2020-03-03,48
2020-03-04,42
2020-03-05,60
2020-03-06,25
2020-03-07,14
2020-03-08,41
2020-03-09,83
2020-03-10,78
2020-03-11,64
2020-03-12,41
2020-03-13,48
2020-03-14,21
2020-03-15,7
2020-03-16,29
2020-03-17,47
2020-03-18,12
2020-03-19,24
2020-03-20,29
2020-03-21,7
2020-03-22,7
2020-03-23,38
2020-03-24,23
2020-03-25,53
2020-03-26,42
2020-03-27,23
2020-03-28,25
2020-03-29,26
2020-03-30,22
2020-03-31,94
2020-04-01,68
2020-04-02,62
2020-04-03,23
2020-04-04,20
2020-04-05,13
2020-04-06,28
2020-04-07,46
2020-04-08,57
2020-04-09,53
2020-04-10,31
2020-04-11,19
2020-04-12,0
2020-04-13,52
2020-04-14,46
2020-04-15,68
2020-04-16,69
2020-04-17,17
2020-04-18,13
2020-04-19,13
2020-04-20,44
2020-04-21,39
2020-04-22,58
2020-04-23,100
2020-04-24,46
2020-04-25,32
2020-04-26,13
2020-04-27,74
2020-04-28,73
2020-04-29,62
2020-04-30,54
2020-05-01,74
2020-05-02,25
2020-05-03,45
2020-05-04,67
2020-05-05,37
2020-05-06,78
2020-05-07,40
2020-05-08,59
2020-05-09,6
2020-05-10,26
2020-05-11,51
2020-05-12,22
2020-05-13,51
2020-05-14,50
2020-05-15,35
2020-05-16,39
2020-05-17,20
2020-05-18,56
2020-05-19,51
2020-05-20,35
2020-05-21,30
2020-05-22,29
2020-05-23,20
2020-05-24,0
2020-05-25,48
2020-05-26,52
2020-05-27,41
2020-05-28,23
2020-05-29,29
2020-05-30,20
2020-05-31,20
2020-06-01,40
2020-06-02,23
2020-06-03,27
2020-06-04,33
2020-06-05,28
2020-06-06,7
2020-06-07,20
2020-06-08,43
2020-06-09,43
2020-06-10,23
2020-06-11,6
2020-06-12,36
2020-06-13,27
2020-06-14,13
2020-06-15,35
2020-06-16,23
2020-06-17,23
2020-06-18,23
2020-06-19,24
2020-06-20,14
2020-06-21,7
2020-06-22,30
2020-06-23,12
2020-06-24,12
2020-06-25,12
2020-06-26,43
2020-06-27,14
2020-06-28,13
2020-06-29,6
2020-06-30,18
2020-07-01,12
2020-07-02,24
2020-07-03,25
2020-07-04,7
2020-07-05,7
2020-07-06,30
2020-07-07,18
2020-07-08,18
2020-07-09,6
2020-07-10,6
2020-07-11,7
2020-07-12,14
2020-07-13,6
2020-07-14,0
2020-07-15,30
2020-07-16,25
2020-07-17,13
2020-07-18,7
2020-07-19,0
2020-07-20,0
2020-07-21,25
2020-07-22,19
2020-07-23,37
2020-07-24,6
2020-07-25,14
2020-07-26,14
2020-07-27,12
2020-07-28,19
2020-07-29,12
2020-07-30,0
2020-07-31,13
2020-08-01,14
2020-08-02,28
2020-08-03,25
2020-08-04,0
2020-08-05,12
2020-08-06,6
2020-08-07,26
2020-08-08,21
2020-08-09,0
2020-08-10,6
2020-08-11,0
2020-08-12,24
2020-08-13,24
2020-08-14,0
2020-08-15,14
2020-08-16,21
2020-08-17,37
2020-08-18,54
2020-08-19,12
2020-08-20,12
2020-08-21,25
2020-08-22,7
2020-08-23,7
2020-08-24,30
2020-08-25,47
2020-08-26,18
2020-08-27,18
2020-08-28,25
2020-08-29,27
2020-08-30,7
2020-08-31,18
2020-09-01,11
2020-09-02,17
2020-09-03,41
2020-09-04,24
2020-09-05,7
2020-09-06,0
2020-09-07,0
2020-09-08,29
2020-09-09,40
2020-09-10,23
2020-09-11,18
2020-09-12,0
2020-09-13,14
2020-09-14,34
2020-09-15,41
2020-09-16,46
2020-09-17,35
2020-09-18,12
2020-09-19,40
2020-09-20,20
2020-09-21,34
2020-09-22,23
2020-09-23,23
2020-09-24,34
2020-09-25,43
2020-09-26,7
2020-09-27,21
2020-09-28,12
2020-09-29,60
2020-09-30,30
2020-10-01,36
2020-10-02,25
2020-10-03,14
2020-10-04,40
2020-10-05,12
2020-10-06,71
2020-10-07,30
2020-10-08,65
2020-10-09,7
2020-10-10,22
2020-10-11,29
2020-10-12,64
2020-10-13,19
2020-10-14,50
2020-10-15,51
2020-10-16,52
2020-10-17,43
2020-10-18,14
2020-10-19,25
2020-10-20,31
2020-10-21,32
2020-10-22,52
2020-10-23,26
2020-10-24,0
2020-10-25,0
2020-10-26,38
2020-10-27,38
2020-10-28,56
2020-10-29,37
2020-10-30,45
2020-10-31,21
2020-11-01,28
2020-11-02,44
2020-11-03,37
2020-11-04,37
2020-11-05,50
2020-11-06,30
2020-11-07,7
2020-11-08,20
2020-11-09,81
2020-11-10,24
2020-11-11,25
2020-11-12,25
2020-11-13,45
2020-11-14,0
2020-11-15,21
2020-11-16,44
2020-11-17,62
2020-11-18,19
2020-11-19,38
2020-11-20,58
2020-11-21,14
2020-11-22,21
2020-11-23,57
2020-11-24,62
2020-11-25,43
2020-11-26,25
2020-11-27,44
2020-11-28,27
2020-11-29,0
2020-11-30,36
2020-12-01,56
2020-12-02,18
2020-12-03,68
2020-12-04,32
2020-12-05,7
2020-12-06,28
2020-12-07,25
2020-12-08,49
2020-12-09,31
2020-12-10,38
2020-12-11,39
2020-12-12,28
2020-12-13,63
2020-12-14,37
2020-12-15,31
2020-12-16,100
2020-12-17,19
2020-12-18,40
2020-12-19,0
2020-12-20,7
2020-12-21,13
2020-12-22,13
2020-12-23,14
2020-12-24,0
2020-12-25,8
2020-12-26,7
2020-12-27,21
2020-12-28,7
2020-12-29,26
2020-12-30,20
2020-12-31,7
2021-01-01,0
2021-01-02,0
2021-01-03,7
2021-01-04,31
2021-01-05,38
2021-01-06,25
2021-01-07,44
2021-01-08,19
2021-01-09,7
2021-01-10,35
2021-01-11,36
2021-01-12,68
2021-01-13,19
2021-01-14,57
2021-01-15,33
2021-01-16,7
2021-01-17,14
2021-01-18,19
2021-01-19,79
2021-01-20,80
2021-01-21,43
2021-01-22,58
2021-01-23,21
2021-01-24,28
2021-01-25,55
2021-01-26,43
2021-01-27,68
2021-01-28,44
2021-01-29,32
2021-01-30,21
2021-01-31,7
2021-02-01,25
2021-02-02,31
2021-02-03,63
2021-02-04,38
2021-02-05,32
2021-02-06,27
2021-02-07,14
2021-02-08,18
2021-02-09,50
2021-02-10,43
2021-02-11,31
2021-02-12,13
2021-02-13,21
2021-02-14,14
2021-02-15,38
2021-02-16,38
2021-02-17,44
2021-02-18,25
2021-02-19,13
2021-02-20,21
2021-02-21,28
2021-02-22,36
2021-02-23,50
2021-02-24,30
2021-02-25,68
2021-02-26,38
2021-02-27,42
2021-02-28,7
2021-03-01,44
2021-03-02,25
2021-03-03,12
2021-03-04,55
2021-03-05,32
2021-03-06,41
2021-03-07,28
2021-03-08,50
2021-03-09,25
2021-03-10,25
2021-03-11,51
2021-03-12,13
2021-03-13,7
2021-03-14,27
2021-03-15,41
2021-03-16,58
2021-03-17,68
2021-03-18,74
2021-03-19,58
2021-03-20,21
